,article_id,typo,is_real_typo
0,289194,作賣點吸引玩家，不單困難重重，甚至只會招____得____遭淘汰的後果。 任天堂的舊堅持與新方向 ,0.5
1,289194,切換　任天堂Switch背後遊戲戰略》。____網____上標題及內容由編輯重擬及更新。 相關文章,0.0
2,291110, Moresby）。外界擔心關閉拘留中心____馬____演變成人道災難。 島上難民目前只得兩個希,1.0
3,291027,____坐____孤島監獄無法出走，只得一部智能電話的你會,1.0
4,291027,沙尼與營內難民生活寫照。 36歲的布沙尼____是____原本是伊朗記者，他2013年因逃避當局打,1.0
5,291027,尼的貼文後深受吸引，並主動聯繫後者：「布____加____尼問我是否可以幫他翻譯出書，我們自此以W,1.0
6,291128,恩開齋　與夏薩特齊入兩球　車路士5：0大____數____哈特斯菲 車路士大勝哈特斯菲反底　功臣夏,0.0
7,291128,5：0大數哈特斯菲 車路士大勝哈特斯菲反____底____　功臣夏薩特：沙利應該會高興 孫興慜末段,1.0
8,291128,：0大數哈特斯菲 車路士大勝哈特斯菲反底____　____功臣夏薩特：沙利應該會高興 孫興慜末段遠,0.0
9,287431,未見過，呢個遊戲會玩足幾日，收過都再問你____要____，根本認唔到」。 除了「與保安員捉迷藏」,0.0
10,290725,過的魚，容易引起貓咪腸胃的不適，出現肚瀉____；____嘔吐，甚至引起胰臟炎。 更多寵物文章： ,0.5
11,290624,身亦是刺青圖案的常見設計之一。有人說過一____手____字便能知道那個人的性格，紋身亦然。常見紋,0.0
12,290624,修飾，所以此字款適合性格樸實的人。 手寫____體____ 最大的特點是隨性的潦草字，每種手寫字都,0.0
13,290624,飾，所以此字款適合性格樸實的人。 手寫體____ ____最大的特點是隨性的潦草字，每種手寫字都具,1.0
14,290624,與字之間的清晰度，但亦有人愛具個性的手寫____款____。而且，大多手寫字追求筆畫幼細，營造輕盈,1.0
15,290624,輕盈感。手寫字適合短句紋身，越簡短越能刺____過____出手寫字的質感，也越能給予一種輕鬆感覺。,1.0
16,290531,erraPower公司，並一直在中國建立____行____波核技術的試點項目。這位微軟聯合創始人指,0.0
17,285945,喜歡狗，過去她也曾養過狗，我帶狗去公寓訪____視____時，她會主動表示要帶我的狗去散步。如果因,1.0
18,285945,增加動物與人的互動等多元刺激，讓創新產業____所____員工能更有專注力與創新的能力。 曾有一位,1.0
19,285945,地游泳，也有降壓的療癒感。這在牙醫診所中____，____得到證實，甚且水族箱即使只有水草，沒有魚,0.0
20,285945,降壓的療癒感。這在牙醫診所中，得到證實，____甚____且水族箱即使只有水草，沒有魚蝦，也會讓等,1.0
21,291142,還察看了北京老幹部活動中心建設運行情況，____要____他強調，老幹部是黨和國家的寶貴財富，要把,1.0
22,291071,工作慘況令網民產生聯想，不約而同留言指「____帽____事嘅」、「好綠」，一個有關工作壓力過大的,0.0
23,291071,下好心痛」。 但有網民留言指「係咪得我諗____帽____事嘅？」事實上「英雄所見略同」，其他網民,0.0
24,291071,見略同」，其他網民都有類似想法，紛紛指「____帽____事嘅」、「好綠」，更有人認為投錯稿，港男,0.0
25,289292,各種神秘道具深深吸引，自此踏上奇幻之路，____約____2014年起成為全職魔術師。今年的「新春,0.0
26,290672,規定： 對僱員來說，於公眾假期裏上班，獲____資____薪金一樣，但卻失去與眾同樂的機會，實在不,1.0
27,291144,國共產主義劃上等號。 對於劉小麗及朱凱廸____、____分別於九龍西立法會補選及村代表選舉被取消,1.0
28,289117,攔住車輛的閘口後，David就放繩，讓5____月____就5歲的爬坡自由地在山上奔走。不怕爬坡會,0.0
29,289117,些路線，我在A點上山，如果在B點落山的話____會____經過那些地方的話，我寧願不去B點，沿路折,0.0
30,289117,面，牠都很少會跣腳。有時牠會利用地面的滑____，____跣住落，但牠落得很穩陣，穩陣過我很多，我,0.0
31,291148,方向的功能，車輛的移動和制動全靠乘客手持____冰____叉控制。 由於支撐該車輛前部扶手的鐵棍直,0.0
32,291150,整潔規範，避免使用不易清理的粘合劑，便於____節____後清洗清理。對於亂張貼行為，城管部門將加,0.0
33,290450,普通的情侶，未來又怎麼敢想下去，但求學會____，____吃苦的樂趣」我們很普通，是對很普通的情侶,1.0
34,291155,255 生命熱線 : 23820000 ____利____民會 : 35122626,0.0
35,291159,於100%，兒科平均佔用率則為62%，最____爆____的醫院是伊利沙伯醫院，內科佔用率達108,0.0
36,291082,庭派發逾3萬個新春福袋，他指政府派錢派到____芒____市民怨聲載道，希望能為市民「添一點甜、多,1.0
37,290182,____月____1月，於英國貝爾法斯特市一幢公寓的火災中,1.0
38,290760,起了不同迴響。有人認為飲凍飲時沒有飲管非____法____麻煩，因為冰塊與牙齒會產生碰撞；有人認為,1.0
39,291168,趨勢。他又指籌備新一年度的預算案，將「繼____績____做好撐企業、保就業、穩經濟、利民生」。 ,1.0
40,291166,公廁解決，生活狀況欠佳。 惟黃伯所住的閣____仔____是加建在違例構築物上，因此市建局不能沿用,0.0
41,289983,機應變。 演出前最後五分鐘，眾演員踏出虎____度____門前，在狹窄的走廊通道爭分奪秒，作最後的,0.0
42,291164,芝野虎丸後得到了決賽名額。 當日，朴廷桓____猜____先猜到黑棋。開局階段，他在左下角的戰鬥中,1.0
43,291160,4分鐘及完場前被謝雲奴連建兩功，3︰3大____意____失分。祖雲達斯主帥艾歷尼怒轟球員態度散漫,0.0
44,291160,3︰1時態度散漫被追平。完場前不應在角球____旗____這樣踢，應一腳解圍。」艾帥又認為球員有責,0.0
45,291158,____自____收緊長者綜援申請資格，引起社會熱議，其中,0.0
46,291158,策，只以「論新年之以訛傳訛」為題，指澄清____易____會被視為死撑，相關的澄清，不但鮮有流傳，,0.0
47,291180,導，這尊佛像或可證明1421年明朝的鄭和____的____寶船曾來澳洲探索過，該時間比歐洲人抵達澳,0.0
48,291180,人向西澳洲海事博物館報告了這一發現，還發____去____了照片和清晰畫面，後者建議他們聯繫當地華,0.0
49,289655,野蠻啦！」 1Up：「我唔係野蠻！」（揼____地____） 孩子為「我唔係野蠻」，足足在屋苑平台,0.0
50,288304,stysyfung #Kristy #浸____大____ #傳理 #扮靚 #睇戲 #睇書 #化妝,0.0
51,288304,tysyfung #Kristy #浸大____ ____#傳理 #扮靚 #睇戲 #睇書 #化妝 ,0.0
52,290629,整個拍攝過程，將最美的一面展現給鏡頭就O____K____！ 只用了十幾分鐘，攝影師就已經捕捉到小,0.0
53,290629,小編最自然的一面。這時候你可以選擇看一下____完____剛才拍下的照片，假如效果不理想可以繼續影,1.0
54,290629,後，會再次跟你確認效果。這時候如果有任何____，____想改善調整的地方一定唔可以怕醜，要大膽講,1.0
55,290514,依然被視為次等？ 2010 年代：褲或裙____，____女性選擇的表達手法 在 2010 年代，,0.0
56,290514,。真正的進步，需要時間去學習，每一個年代____看____「權力穿搭」，我們都有不一樣的看法。 而,0.0
57,291188,案吳姓疑兇昨晚（2日晚）經法官裁准收押禁____見____。吳姓疑兇1月8日於台灣東區租屋處涉嫌勒,0.5
58,291188,後照常上班。 【台南分屍案】恐怖情人FB____上____外形開朗 警跟蹤發現其一腳踏多船 2月1,0.0
59,291188,票逮人，吳才承認犯案，台灣檢警依殺人罪嫌____法____辦，檢察官並以吳所涉殺人罪嫌，為最輕本刑,0.5
60,291188,嫌法辦，檢察官並以吳所涉殺人罪嫌，為最輕____本____刑為有期徒刑5年以上重罪，向法院聲請羈押,1.0
61,291171,眾人於當地桔場即場摘拮吃，謝偉銓更大讚桔____少____甜不酸。 除了四名議員與其太太外，何君堯,1.0
62,287084,8成都是由事主支付。 click入去睇吓____之____廢青男友是如何對待事主！ 成功置業後　男,1.0
63,289476,曾閱讀過不少文獻，參考有關粵劇書籍，也曾____及____向劇團經理、演員及工作人員討教，又訪問大,1.0
64,289476,，即二、三線演員。而六大台柱會獲編排特定____箱____位，在內上妝裝身。（圖片由攝影師黃曼玲提,0.0
65,289476,開數席，村民享用晚宴、打麻將、聊天或打牌____九____，非常熱鬧。（圖片由攝影師黃曼玲提供）,0.0
66,290617, 我們目標是到達路環西面市區的安德魯葡撻____原____店，所以沒有轉上往媽祖聖像或山頂公園的路,0.0
67,290617,2站，便轉上石面盆古道。在還未開發馬路以____先____，東面的黑沙村和西面的路環村的商貿往來，,1.0
68,291176,下廚大展身手招呼親友。日前伍詠薇接受香港____開____電視主持植詠珊訪問，對於多年來都被取笑是,0.0
69,291176,說：「不會！我唔鍾意，又有潔癖，中菜咁多____獻____汁，又要落手撈乜撈物，會整污糟對手！老公,1.0
70,291176,，又有潔癖，中菜咁多獻汁，又要落手撈乜撈____物____，會整污糟對手！老公有無投訴？佢敢？佢唔,0.0
71,288451,上還是硬要撐住，維持高冷的人物設定，頂多____小____虧一下自己：「還沒啦……我這麼差，怎麼會,0.0
72,288451,」 能將話題從南扯到北，應該只有射手才做____的____到吧～ ▶ 山羊座 山羊是最不怕遇到刁鑽,1.0
73,291204,涌居民組成員阿傑指，擔心最終新街市將外判____了____第三方管理，又稱選項鄰近地鐵站，憂慮會加,1.0
74,286414,13家公司，總共14個創業者，其中的7位____跟____拍得比較頻密，也算是電影的主角。 這幾年,0.0
75,286414,經是新東方最走紅的英語老師。後來自己出來____單____幹，創辦了牛博網和「老羅英語培訓學校」。,0.0
76,286414,12年，他40歲，成立了錘子科技，說要做____東____半球最好用的手機。 「語不驚人死不休」是,0.0
77,286414,間之後熟了就好了。沒想到他是真的從頭到尾____怵____鏡頭。我跟他說：「你就把我當空氣。」但畢,0.0
78,286414,他是頭驢，吃得很少，所有的心思都在拉這個____磨____。每天24小時，都撲在自己的事業上，基本,0.0
79,286414,。 這個27歲的小伙和他的公司，正在陷入____至____暗時刻。 如果要為片中的每一個公司定一個,0.0
80,286414,示了他們的危機。 前段時間，我給戴威看了____成____片，他說這段影像「是一段歷史了」。 未來,0.0
81,286414,，但是，這兩次失敗是他巨大的養分，所以新____氧____現在走得很穩很順。 我採訪他的時候，他說,1.0
82,286414,《奇葩說》爆紅。之後就跟《奇葩說》的明星____辯____手一起創業，專門做知識和娛樂方面的內容產,1.0
83,286414,薇，我跟她比較熟剛開始找到她，我說我想跟____拍____你創業，但我可沒有錢。 她回了我一句：「,0.0
84,286414,到問紀錄片要錢。」 創業面前，人人平等 ____安____傳東是代表當下絕大部分草根創業者的現狀。,0.0
85,286414,紀錄片要錢。」 創業面前，人人平等 安傳____東____是代表當下絕大部分草根創業者的現狀。他出,0.0
86,291080,求改名」為題發帖，上載多張蟑螂正在生產的____生____照，因為誕下的「小強」數量不少，場面非常,0.0
87,291070,才香口！(微博圖片) 李若彤就率先祝大家____豬____事順利！（微博圖片） 古仔就叫大家在大時,0.0
88,290691,功走上教堂前的99階梯，更會甜甜蜜蜜、長____廂____廝守，浪漫到暈！（圖片來源：GettyI,1.0
89,291181,「旋轉舞台」，緩緩步行。 ▼▼▼點撃圖片____！____看「旋轉真馬」事件！▼▼▼ 相關文章： ,0.0
90,291181,理會，有人以隱蔽鏡頭拍攝並向負責管理旋轉____真____馬職員查詢，職員表示知道網上有人批評，「,0.0
91,291073,牆，認為是當初只求馬虎了事，「隔咗十日先____油____第二層，第二層一日就搞掂，咩道理呀？」但,0.0
92,291198,2 月 20 日舉行的發布會，除了會帶來____會____新的 Galaxy S10 外，還會帶來,1.0
93,291198,度相差不大，相比早前搶先推出的外摺屏的柔____派____手機有更精巧的造工，外型亦更時尚實用。 ,0.0
94,291215,發出了「極具色彩性的語言」。對於美國向孟____晚____舟提出的諸多指控，中國外交部呼籲加拿大勿,0.0
95,291193,了。」 【周五心意運動】您捐一封$50利____是____，已可為基層送上溫飽，01心意呼籲您支持,0.0
96,291115,Amazing Summer推介劇集，原____排____定於8月12日首播，後來因改播外購劇《延,0.0
97,291115,版，重新剪輯成廿五集一小時的版本，並已送____檢____內地，有望成為同步播映的劇集，所以一切都,0.0
98,291115,於2018年10月被降回編導一職，使這部____的____劇的檔期遙遙無期。 4. 《好日子》 因,1.0
99,291203,內，無奈水溫太低、水深過深，無功而返，警____消____穿著潛水裝備後，在獲報後一個多小時內，找,0.0
100,291203,抱著賴婦的遺體痛哭失聲。 台中市消防局勤____指____中心表示，昨天深夜11時許接獲通報，北屯,0.0
101,291203,清，將陸續詢問目擊的家屬後，今報請檢察官____相____驗釐清死因。 【本文獲「 聯合新聞網 」,0.0
102,291216,出席Super Bowl宣傳時，輕裝上陣____仍____平NFL最快40碼測試紀錄，寶刀未老。 ,0.0
103,289606,放送協會》報導，研究團隊由該大學教育學部____準____教授大平洋子帶領。團隊表示，當人們感到壓,0.0
104,289606,究團隊由該大學教育學部準教授大平洋子帶領____。____團隊表示，當人們感到壓力時，身體就會分泌,0.0
105,289606,企業也實行員工福利措施，然而成效不大。想____實____正減輕打工仔的工作量和壓力，還需從文化源,1.0
106,289754,啤梨就唔好全紅熟嗮，要揀啲硬身嘅；橙就要____漲____卜卜，唔好皺皮；香蕉都唔好全黃色，揀啲青,0.0
107,291227,不曾破過案，對情況感到擔心。他表示幸好此____次____街坊及時借滅火筒撲火，否則將會波及更多電,0.0
108,289826,採購銷售。 28年來 ，他向日本果農學習____下____練出「望、聞、聽」的挑選生果三項技巧，如,0.0
109,289826,富士蘋果。但我們覺得王林蘋果甜又香，便首____間____引入推廣，後來大家都喜歡青蘋果的清新、甜,0.0
110,289826,言是靠果農的教導及經驗下慢慢累積，穿梭港____日____多年的他，已練出靠「望、聞、聽」分辨生果,0.0
111,289826,人不吃的我們會食。見到蘋果不靚，士多啤梨____有____爛，我們就專門去食，才知道蘋果、士多啤梨,0.0
112,291132,你拜個年！” **年初二，初五，初七，同____新____十五後會有不同回應！ 你亦可試試以下Si,0.0
113,291218,人日前在日月潭表演，扮成自由女神的她，手____雖____拄著枴杖，人卻優雅「飄浮」在半空中，吸引,0.0
114,291218,表演都讓遊客盡歡。 而這次表演的行動雕像____澤____則常出現在台中、南投一帶，被偷拍裙底的表,1.0
115,290034,們相互連繫，「有一個空間讓她們認識自己，____為____意自己的需要；那些需要是可能是自己忽略的,0.0
116,290034,少逐少，建立關係，讓她們看到自己的需要，____小____如說自己喜歡紫色的種種，都令自己每次說起,0.0
117,290034,者。 《一點》以中英文記錄香港人的故事，____有____你多一點。 【周五心意運動】您捐一封$5,0.0
118,291214,追到老婆之後，趙麗穎近日接受內地媒體《娛____理____》訪問首談愛上老公的原因，不禁令人覺得二,0.0
119,286984,據Ubisoft的Far Cry製作團隊____中____故事總監：James Nadiger訪談,1.0
120,291221,用帳號永久封禁處理。 微信又指，網絡賭博____十____賭九輸，被法律明令禁止，而搶紅包外掛軟件,0.0
121,291221,號永久封禁處理。 微信又指，網絡賭博十賭____九____輸，被法律明令禁止，而搶紅包外掛軟件不僅,0.0
122,291244,，林鄭民望更創新低至45.5分。 林鄭於____大____前日（31日）出席香港社區組織協會的團年,0.0
123,291244,Q爆棚」，不禁令人想到其手下、以智商16____0____冠絕政圈的勞福局局長羅致光，同樣因收緊長,0.0
124,290689,畫「新世紀福音戰士」邀請玩家共同前進第三____新____東京市。 面臨永無止境的使徒來襲，神秘國,0.0
125,289950,估算會讓體重增加約2.2公斤（附圖2），____得____要從台北出發騎腳踏車環島經過屏東後到達花,0.0
126,289950,；肉品則可加入燙熟的芥菜、花椰菜、小唐菜____盤____飾，或以青椒、筍片拌炒，不但可以增加膳食,0.0
127,289950,增加飽足感。 健康秘訣5：當季水果大桔大____利____ 每餐水果攝取量大約1個拳頭大，建議以當,0.0
128,289950,加飽足感。 健康秘訣5：當季水果大桔大利____ ____每餐水果攝取量大約1個拳頭大，建議以當季,0.0
129,291219,，因此應該擱下所有地緣政治的考量。 阿勞____若____表示，巴西外交部將成立一個特別委員會，專,0.0
130,291251,____置____辦年貨。屯門區更是不少內地旅客的購物熱點,0.0
131,291254,安分局接到王某報警，指有人懸掛錦旗，指名____點____姓對其作惡意詆毀和攻擊。同日下午5時20,0.0
132,291003,月1日至3月3日與大家一同細味阿虫與他的____算____術人生觀。 圖片：南豐紗廠提供 阿虫去年,0.0
133,291003,好疲勞》，分享阿虫豁達從容的數字人生。 ____加____：作品名稱《種瓜會得瓜種豆便得豆，種荷有,0.0
134,291003,稱《風雨同路》，阿虫說:「和别人分享就是____除____！」，要時常感恩别人曾和你分享他們擁有的,0.0
135,291003,的發現。 零：作品名稱《白雖無色亦是色 ____有____從無來本是無》，自我小等如世界大。零很玄,0.0
136,291003,品名稱《白雖無色亦是色 有從無來本是無》____，____自我小等如世界大。零很玄，像白色一樣，它,0.0
137,291233,的威權政府更加優越」一類的觀點。 美國安____可____顧問有限公司（APCO Worldwid,0.0
138,291264,從他人手中購買萬寶路、百樂門等品牌的加熱____不____燃燒捲煙，並通過微信進行銷售，目前庭審查,0.0
139,291264,經營數額為473萬多元（人民幣，下同）。____」____ 法庭認為，被告人王某等11人違反國家規,0.0
140,291264,營數額為473萬多元（人民幣，下同）。」____ ____法庭認為，被告人王某等11人違反國家規定,0.0
141,290084,牲自由。相愛容易，相處難，往往磨蝕掉愛情____的____就是相處上的小摩擦。因為人生來就是獨立個,0.0
142,291258,百度貼吧的留言列出一個名單，並被標註為「____7____夕快到了，沒有什麼禮物送你，這100個小,0.0
143,291209,及初三（7日）於香港大球場上演，三隊訪港____外____隊今日（3日）先後抵港，其中最受關注、有,0.0
144,291016,2019年5月21日（二）發售。本次公開____出____登場自《托托莉的鍊金工房》兩位玩家熟悉的,1.0
145,291275,一向為台灣民眾的旅遊熱門地點，台灣陸委會____3____日（周日）發布新聞稿，提醒台灣民眾於春節,0.0
146,291206,有一款「啱心水」！這個食譜更獲官方認證，____指____試了絕對不會後悔。 下載「香港01 」A,0.0
147,291206,，杯中薯條被一層厚厚的芝士覆蓋，加入熱水____攬____拌後的芝士薯蓉濃厚，很輕易做到「拉絲」的,1.0
148,290705,ul Mittleman等；日本方面就有____裏____原教父藤原浩；意大利方面則有成立了Sla,1.0
149,290705,當時倫敦很難購買到優質的Stussy，於____時____就毅然辭去DJ工作，老遠去到加洲，向Sh,1.0
150,290705,本市場，90年代初東京「裏原宿」服裝概念____在____促成，以goodenough、A Bat,0.0
151,290705,NEIGHBORHOOD及visvim等____日____牌帶到英倫，再於1998及2002年開設,0.0
152,290705,關於時裝、藝術乃至音樂方面的知識。一切就____承____如Kim Jones自己所言：「Mich,0.0
153,290705,a、高橋盾及Nigo等人就時常親自到倫敦____總____壇拜訪或商談合作事宜，縱然那時候的Kim,0.0
154,290705,還是BBF公仔，均明顯用上了大量粉色和花____奔____圖勝貫穿之，這是因為在向Dior生先童年,0.5
155,290705,BBF公仔，均明顯用上了大量粉色和花奔圖____勝____貫穿之，這是因為在向Dior生先童年故居,0.5
156,290705,與Matthew Williams共同製____方____的鋼扣環Saddle，正是絕佳例證，但由,1.0
157,290705,域找出時尚精髓，以畫龍點睛之法將他改造成____，____男裝產物，這種男、女裝「道通為一」的眼界,1.0
158,290552, 犯法之餘亦相當危險。 「真係唔明點解會____批____個咁嘅位，明明青衣城下面停車場都有位比非,0.0
159,285419,仍懷念那些年星二代的可愛模樣。 每逢過年____思____童星，無綫電視旗下的「big big c,0.0
160,290102,llet）app，然後點一下右上角「+」____加____號； Step 2：按「下一步」，然後再,0.0
161,291281,僱人士，而被疑犯刺傷的傷者則為澳門人。 ____司____警局就事件展開調查，在清晨5時15分，在,0.0
162,291223,時小狗的晶片號碼，經過翻查後，掃描結果竟____祭____然發現眼前狗狗的晶片號碼與昔日愛犬的編號,1.0
163,291107,，詢問其中數款唇膏是什麼牌子及色號，相信____被____勾起購物慾，但亦有男網民指男友舉例貼切，,0.0
164,291297,常委、政法委原書記兼滕州市社會矛盾排查調____處____中心辦公室原主任彭慶國貪污、挪用公款、受,0.0
165,290439,____江____登上日本時尚雜誌《with》封面的消息公,1.0
166,291284,否定了這個療程的功效。之後Christy____有____發文表示每人對養生的習慣和想法都不同，她,0.0
167,291283,受到不少批評，但至少她們勇於為自己的夢想____赴____諸行動，而不是空口說白話。 「我覺得中學,1.0
168,291283,像什麼雜牌軍，打贏協恩也沒有意思。」轉校____，____有一班新隊友，大家也是一樣努力操練，用汗,0.0
169,280271,怪話題，如你的工作怪癖或在工作上怎樣對付____小____人和上司之類，這些待跟對方再熟絡一點才再,0.0
170,291235,aub，日前在社交網站出Post，指收到____風____《Marvel隊長》已舉行試映會，有份出,0.0
171,290718,Wagner，她答應與之約會，以紋身課堂____會____為交換。她的確在他身上學會了紋身藝術，而,1.0
172,291236,機2 重製版》（BioHazard RE____：____2／惡靈古堡2）在上兩個星期對遊戲界的震,0.0
173,291236,"機2 重製版》（BioHazard RE____：____2／惡靈古堡2）除了完全重製外,更特意加",0.0
174,291236,l 2》《生化危機2 重製版》，淘寶買賣____相____方都要動動腦，才能躲過禁售令。例如不直接,1.0
175,291236,封面，或把遊戲名改為能令玩家足以聯想的名____子____。大家看到這個手繪的封面，加上《我來警察,1.0
176,291236,暗黑破壞神 3》（Diablo 3）沒有____開____中國開放出售時，淘寶就以「大菠蘿 3」（,1.0
177,291236,對方指出售﹑描述的貨品和買家收到的一樣，____尋____正當交易。未知今次的《Resident ,1.0
178,290479,人節來些特別體驗，而且西式素食傾向多蔬菜____；____多清新選擇，與傳統齋館的概念大相逕庭。灣,0.5
179,290479,ishsteria五道菜套餐$488兩位____用____　包生蠔紅蝦覆盆子雪糕 Fishster,0.0
180,290479,shsteria五道菜套餐$488兩位用____　____包生蠔紅蝦覆盆子雪糕 Fishsteri,0.0
181,290479,以自家製覆盆子雪糕，劃上甜蜜句號。 按圖____有____Fishsteria Waterside,0.0
182,290479,節套餐，前菜有輕煎吞拿魚橘子汁沙律及英倫____周____打蜆肉湯，主菜可選龍蝦尾米多伴燒蔬菜或焗,0.0
183,290479,酒麵豉與椰菜花蓉襯有煙燻氣息的紅麵豉醬和____砵____酒汁，令菜式更具層次。甜品是士多啤梨千層,0.0
184,291186,____前____好多人都鍾意親自整一些賀年糕點應下節，估,1.0
185,291186,我一直都好尊重佢，因為佢自細就愛國，當時____響____最無利益嘅情況底下都堅持，根正苗紅，做個,0.0
186,291186,ll......大家立場唔同，我無意見，____並____尊重。唔似得其他垃圾藝人，97前就民主歌,0.0
187,291293,友一同報案。不過，他的圖謀最終還是被警方____悉____破，被捕後獲判1年半。 肖某與張某本是好,0.0
188,290339,旺；紅劍蘭代表步步高升。」他抱起特意為豬____年____而種的橘色劍蘭說：「『金珠』配綠葉，象徵,0.0
189,290339,，怎樣種也不會開花。」 2018年　災難____之____年 前年天氣冷，花遲開三星期，趕不上年宵,0.0
190,290339,宵蝕了不少錢；2018年冬天剛相反，天氣____過____暖街上人人喊熱，梁日信的花提早了三個星期,0.0
191,291255,の城 (Ice Palace) 冰雪奇緣____的____冰之城 12. 任務報酬：ブリザドチェー,0.0
192,291255,. オラフ (Olaf) 冰雪奇緣冰之城____前____ 13. 任務報酬：スノーロゼット 14,0.0
193,291255, オラフ (Olaf) 冰雪奇緣冰之城前____ ____13. 任務報酬：スノーロゼット 14.,0.0
194,291255,ノーロゼット 14. 大きなサボテンダー____？____ (Big Green Cactuar),0.0
195,291255,ーロゼット 14. 大きなサボテンダー？____ ____(Big Green Cactuar) ,0.0
196,291255,17. 任務報酬：エアロブレス 18. ____港____町の滝 (Waterfall) 魔盜王城,0.0
197,291255,ノーロゼット 14. 大きなサボテンダー____？____ (Big Green Cactuar),0.0
198,291255,ーロゼット 14. 大きなサボテンダー？____ ____(Big Green Cactuar) ,0.0
199,291255,7. 任務報酬：エアロブレス  18. ____港____町の滝 (Waterfall) 魔盜王城,0.0
200,69390,亦沒有閒下來，他利用《時事新報》和自己創____位____的慶義義塾兩個傳播工具，對中國百般貶低。,1.0
201,69390,——他當時是意指朝鮮——「自己不能管理國____是____」，那麼文明的國家，實則日本對它進行強制,1.0
202,69390,為先進國家帶未開化國家帶來文明。這個口吻____一____足一副歐洲殖民主義者口中的「白人的負擔」,1.0
203,69390,覺，他在文中指出「處於今日禽獸世界最終可____訴____之途惟在拼死之獸力」。福澤一心認為歐美國,0.5
204,291268,0可為12個家庭提供一餐回收蔬果及食物 ____有____網民將圖片上載至facebook群組「香,0.0
205,291312,，成為天文台自1884年有紀錄以來史上最____二____熱的年廿九，但仍無阻市民逛年宵興致。不少,1.0
206,291211,達一次。 哪麼到底如果譯才會比較理想呢？____，____ 「 跟芬尼學英語 」創辦人Tiffan,1.0
207,291211,一次。 哪麼到底如果譯才會比較理想呢？，____ ____「 跟芬尼學英語 」創辦人Tiffany,0.0
208,291211,， 亦套用了習語。 相關文章：90後情侶____有____律師、博士不做 合作搞補習：不願淪工作機,0.0
209,291211,不願淪工作機器 而第二句， 她原打算譯為____，____ 「no one would be hu,1.0
210,291211,有傷害」， 會將hurt的位置， 由過去____分____詞或者動詞， 轉成一個名詞， 因此將之翻,0.0
211,291323,細節，但民政事務局局長劉江華於今（3日）____日____電台訪問時表示，因為需要更多時間整理意見,0.0
212,291323,新公布日期，亦不評論押後的原因，是否與土____供____組建議局部發展粉嶺高球場有關，僅重申諮詢,0.0
213,291310,了一步。 這位台灣美少女的成名故事無需多____贇____，正正反映了年青人祟尚「惡搞」風氣，譬如,1.0
214,291310,無力改變現實的壓抑。 這種夢不免流於淺層____顯____學，但人是有深度的；創作的本質就是一種探,0.5
215,291310,iah Carey 的唱功 ......____主____段旋律驚喜地帶有 恭碩良早期作品〈全日遊,0.0
216,291277,一起回老家祭祖，未料妻子開始抱怨，歇斯底____力____叫囂苦鬧，還揚言殺死他的父母，他為使妻子,1.0
217,291277,老家祭祖，未料妻子開始抱怨，歇斯底力叫囂____苦____鬧，還揚言殺死他的父母，他為使妻子冷靜才,0.0
218,291277,老家殺死他父母，他為使妻子冷靜，才會動手____賞____耳光，他又擔心妻子深夜外出有危險，才會迫,0.0
219,291005,用的長竹籤，我們難以提供類似餐具，故這是____提____較易產生的垃圾。」 雖然環保署主動配合，,1.0
220,291005,的經驗，陳杏怡指團體今年在攤位競投日，已____和____投得兩年宵市場熟食攤位的負責人溝通，希望,0.0
221,291005,令市民對環保餐具反感之餘，食肆亦未必有相____龐____配套配合。她建議，可加入賞罰機制，慢慢改,1.0
222,291025,、頭髮、灰塵... 還有感冒傷風咳嗽和打____乞____嚏時飛濺之體液，粒粒鍵間縫隙藏污納垢極其,0.0
223,291025,備的黃色 Memo便箋 。 Memo便箋____攝____鍵盤罅　孤島式Keyboard無乜用 先,0.0
224,291025,用於一些採用「孤島式設計」Noteboo____k____連機鍵盤時，由於鍵是彼此分開，縫隙不是按,0.0
225,291025,要將之Memo剪細以符合鍵側的長度，更要____該____粒清理，工序無比繁複瑣碎。便箋插入縫隙空,1.0
226,291289,簸、時間太長，所以無奈才選擇搭乘高鐵，惟____對____號座早就售罄，她只能買自由座。她上車後走,0.0
227,291289,親身經歷過才知道，有些善良的人……也只是____出____張嘴而已」，她續指，「希望各位可以善待身,0.0
228,291289,「真的有需要可找列車長，而不是在網路上P____o____文罵別人沒愛心，說真的別人沒義務要讓」，,0.0
229,291289,入口處附近都設有「博愛座」呼籲旅客乘車時____禮____讓年長者、婦孺與行動不便旅客優先入座，若,0.0
230,289189,翌日放火燒死皓鑭，幸好呂不韋送上防火袍，____異____人亦暗中將丹藥交給皓鑭。當皓鑭祭天之時，,0.0
231,291276,不過，英國《太陽報》上周二（29日）指 ____文____翠珊私下已排除「硬脫歐」的可能性 ，只是,0.0
232,291259, 粉絲鄭裕玲訪問車銀優@ASTRO　DO____姐____冧爆激讚：佢係完美嘅靚仔 女偶像方面，深,0.0
233,289920,，如何去放手成就他人。 當然我們沒有Ti____m____的穿越能力，也正因如此我們會因錯失而後悔,0.0
234,291294,日前現身《香港01》與《如珠如寶》合辦的____0____電影放映會，完場後即席跟觀眾交流，「我自,1.0
235,290714, 拜年時候大家均愛聽吉祥說話，家長不妨在____從____中先教小朋友一些簡單易記又好意頭的說話，,0.0
236,291340,分，一名姓陳38歲男子與同伴坐船前往西貢____短____咀潛水，眾人潛完後上船，發現事主不知所蹤,0.0
237,290111,空中廊橋終於迎來了好消息，蓮花山公園至深____業____上城段正式開通，這段全長約300米的「空,0.0
238,290111,着大霧霾天又去蓮花山走了一趟。為什麼要說____又____呢？一個多月前為了看蓮花山公園的簕杜鵑市,0.0
239,290111,又呢？一個多月前為了看蓮花山公園的簕杜鵑____市____花展，小編連續去了兩次，那時候可是「人山,0.0
240,290111,冷清，小編原本以為這裏新開放了一座連通深____業____上城的廊橋會有很多人，結果並沒有，可能是,0.0
241,290111,這座神秘的廊橋。 蓮花山下蓮花湖　風光好____來____杉葉紅 從深圳地鐵少年宮站F出口過來，從,0.0
242,290111,要注意安全，不要掉進湖裏。 蓮花山頂觀景____佳____　滿眼盡是大紅花 在山下逛了小半圈完全沒,0.0
243,290111,注意安全，不要掉進湖裏。 蓮花山頂觀景佳____　____滿眼盡是大紅花 在山下逛了小半圈完全沒看,0.0
244,291342,竹，於今年1月至今，在全港多個地點展開突____掔____搜查行動，共破獲14宗相關案件，檢獲約1,1.0
245,291345,____外____隊今日（3日）大軍壓境，鳥栖砂岩、山東魯,0.0
246,291345,力去比上季做得更好，我們要先集中在季前季____身____階段準備好自己，也要好好準備球季第一戰。,1.0
247,289975,醜到什麼地步？@娜娜：「又黑又醜又瘦，還____泡____腫眼，朋友圈都不想發了……」@小哇：「剖,0.0
248,289975,奶後的滿足臉，這太滿足了…（日本通網） ____圓____（日本通網） 這角度好可怕！（日本通網）,0.0
249,289975,網） 別逼我發功！（日本通網） 鼻孔擴張____張____（日本通網） 白眼你真翻不過我（日本通網,1.0
250,291253,隊RubberBand主音6號、小肥、雷____深____如等好友皆無人接聽，令佢不禁反思：「我係,0.0
251,291347,____怪____火！繼今（3日）早葵涌石籬邨兩輛電單車離,0.0
252,291346,相信收到香蕉的人直到它腐爛也不會吃掉。 ____機____構負責人史密斯（Anna Smith）表,0.0
253,291262,響》及《逆流大叔》大獲好評的余香凝，展望____豬____年能夠接拍更多能夠反映社會問題的電影，就,0.0
254,291262,確咬字，戒掉多年的懶音。至於麥子樂則希望____豬____年能與老闆古天樂合作拍電影：「 希望可以,0.0
255,291231,Luxe Manor 說自己角色：祁德勝____心____哋可能幾好㗎！ 煲劇者，心水清。 意思是,0.0
256,291231,【短暫的婚姻．專訪預告】林海峰都輸   ____禤____思敏爆肚：慢煲炆細火？ 跨年綵排《短暫的,0.0
257,287882,港都設「禁餵區」，未來會教育市民勿餵飼。____想____成效不彰，不排除立法。 野豬原是郊野原生,1.0
258,290001,好轉校，結束八個月的受欺凌歲月。 剛轉校____及____不「埋堆」　慘成欺凌對象 「佢哋俾人撳低,0.0
259,290001,圾桶笠頭，有人負責按着他手腳，讓他動彈不____得____，再毆打身體各個部位，包括手臂及腳。面對,0.0
260,290001,只覺得係玩。」 老師視而不見　簡單訓示了____事____ 欺凌問題，老師亦視而不見！有一次被毆打,0.0
261,290001,覺得係玩。」 老師視而不見　簡單訓示了事____ ____欺凌問題，老師亦視而不見！有一次被毆打後,0.0
262,291279,敗一眾猛男，接連通過美海豹突擊隊、英SA____S____特種兵以及俄羅斯特種部隊的挑選測試，顛覆,0.0
263,290463,哀傷輔導解開鬱結 起初，黃女士希望能維持____故____有生活素質，使女兒不用適應新生活，她在女,1.0
264,290463,，認為時間就是最好療藥。時間一分一秒地過____分____，她們卻走進死胡同，既無法疏導情緒，又無,1.0
265,290463,，喪親哀傷仍人之常情，找同路人傾訴有助舒____發____心情，亦可接受哀傷輔導，不要待情緒惡化才,0.0
266,291353,____萬____民福音傳播部部長斐洛尼樞機（Cardin,0.0
267,291371,、再撞越長約15米的鐵絲網及兩個交通路障____水____馬後。跌落「內街」翔東路翻側，橫亙來回兩,0.0
268,291371,越長約15米的鐵絲網及兩個交通路障水馬後____。____跌落「內街」翔東路翻側，橫亙來回兩線。救,1.0
269,291238,教席（AM），後者於2006年至2008____間____署任助理教席（AM），分別被教育局追討1,0.0
270,291199,國第一童星」，不過現年19歲的她於今年初____她____內地出席商演活動時，就因為身形圓潤了不少,1.0
271,291351, 。其他國家亦繼續表達關注。巴西外長阿勞____若____上周五（2月1日）表示， 希望中國和俄羅,0.0
272,291369,5度，石崗更會高達27度，而下午氣溫將繼____繽____上升，打鼓嶺、上水及石崗最高將見28度。,1.0
273,291369,帶備外套隨身。而飲食上可配合春季進食具升____發____作用食物如韭菜等，而進食紅棗及枸杞，就可,0.0
274,289980,姑且有可愛氣場保護，還可以用「Uncle____，____Auntie」帶過，因此你需要這個APP,0.0
275,289980,且有可愛氣場保護，還可以用「Uncle，____A____untie」帶過，因此你需要這個APP！,0.0
276,289980,有可愛氣場保護，還可以用「Uncle，A____u____ntie」帶過，因此你需要這個APP！用,0.0
277,289980,可愛氣場保護，還可以用「Uncle，Au____n____tie」帶過，因此你需要這個APP！用法,0.0
278,289980,愛氣場保護，還可以用「Uncle，Aun____t____ie」帶過，因此你需要這個APP！用法很,0.0
279,289980,氣場保護，還可以用「Uncle，Aunt____i____e」帶過，因此你需要這個APP！用法很簡,0.0
280,289980,自己每餐的食物，程式便計算到你有沒有過分____涉____取卡路里！ 3.WhatSticker ,1.0
281,289980,+ 五色學倉頡Online 香港地最多人____就____用的通訊程式就是Whatsapp，新年問,1.0
282,291362,費基亞建功，最終以2：1反敗為勝，贈PS____G____今季法甲首場敗仗。,0.0
